Madhouse;Device;Chilled Cliffs;Device;The Watchers;Device;Bunnyhops;Device;Dust Bowls;Device;The Mills;Device;The Quagmires;Device;Pumpkin Deserts;Device;Flower Hills;Device;Pain Marsh
VaNa91;iOS;RU-DarkNex-TFG;iOS;FR-LocKDowN;iOS;Sl1mboy84.T3F;Android;CN-_-RogerLee;iOS;ImNesox;iOS;carterclem7;iOS;TR1N1DAD.T3F;Android;USA-Mike_G-TFG;iOS;UK-BuRNZeE;iOS
Andershwander;Android;UKR-VovaFrank;iOS;Luk_PL-TFG;Android;MOB_SmoothE;iOS;X-MiSiU-X;Android;CaptainYolo-TFG;iOS;AFCV10;Android;T0ppil4-TFG;Android;NeetjeNL;iOS;j.bajer250;Android
Yozaan;iOS;Sinnerca;Android;LucidAndy;Android;RF_Monkey;iOS;irish-man8;Android;lembwil;Android;natas.james.666;Android;vistik1983;Android;HU_HeroZero;iOS;alexwach77;iOS
ericounet13;Android;trials-BR;Android;QuaKRage;iOS;Grennar_;Android;henrikluplau;iOS;olegmogilev;Android;jorgiinhuh;iOS;Eikandeerus;Android;Raztopher;iOS;BlazedRaider84;iOS
tima____;Android;aldesiu;Android;Eagle2017;Android;Gyo1205;iOS;stormius77;Android;Mohamed-Shawky;Android;BicoSan;Android;Tombaiyuh;Android;SP-TORRICHI-TFG;Android;GLUK_63_RUS;Android
sulo996;Android;Alexxxxxx112;iOS;machine4578;Android;M4XE84;iOS;lavuz_;Android;Vans66Man;Android;Virusolog1990;Android;roler123;Android;drewnel22;Android;wfiroz;Android
klowdos;Android;slettenn;Android;Drizzt__1981;iOS;RATTLEH34D;Android;ziya7;Android;gabo188;Android;CitBolonUa;Android;emilepah;iOS;jakes2016;iOS;TraberT-;Android
ashe7177;iOS;narasimman1987;Android;Adan212;iOS;sup3rfm;iOS;KiltedGamer71;Android;SoonerP1;Android;Rasim175;Android;Wolverine_d17;iOS;antsgtr;Android;easylife200;Android
geaton2014;Android;Symeon96;Android;albinoork;iOS;GREZUR;iOS;Doctorzed2017;iOS;AngiiePT;iOS;FireBolt72184;iOS;Sourabh920;Android;guest-cNRw7b01;iOS;jabels44;iOS
Bogzeus77;Android;Smeagol;Android;Estevan;iOS;Borti;Android;Dvlover;Android;Birdman;iOS;Driller;Android;Juny;Android;Dson;Android;Kensman;Android
##
Doom Drops;Device;Terror Towers;Device;The Purifiers;Device;Tree Houses;Device;Troll Lairs;Device;Widowmakers;Device;Burning Bushes;Device;Razor Dunes;Device;Mud Cakes;Device;The Stacks
Panic_Switch;Android;AurisLT-TFG;Android;Ghisone_T3F;Android;RF_alex88;iOS;IT-polTFG;iOS;mashpotato-TFG;iOS;NL-CasperH;iOS;GTdave;Android;CZE-pekso-TFG;iOS;TM_zauralec_GT;Android
Noohbh;iOS;the1topgun;Android;RedDevil-TFG;Android;IT-pga777;Android;olegbegamentov;Android;dozia72;iOS;Clapper316-TFG;iOS;Vicenteag73-TFG;Android;frvhj;Android;tealbutt;iOS
Affliction666;Android;Antwon0900;Android;DevSin-TFG;Android;Nikc0506;Android;Prometheus_TFG;iOS;legolas.mcm;Android;Akrasiia;Android;uGotBrained;Android;scamp115;Android;JerichoHHR;Android
johnny_sublime;Android;EG-MeMo4CrImS;Android;MarcosSLB;Android;hogarek;Android;h0kkis;Android;nigh1mare;iOS;Jaybone2323;iOS;SexyExi;Android;Joe_Regular;Android;VK.DensiusIII;iOS
Obey_and_True;Android;foregolf72;iOS;chrisrickson;iOS;SametEkinci;iOS;Ghozgul;Android;simlive;Android;EvanRay2;iOS;cernis79;Android;kiriak7;Android;koozzzz;Android
CountProximo;iOS;trackerpro17;iOS;arturkungurov;iOS;AlbiNoche10;Android;elygaz;Android;AnimalF123;iOS;Shaxio;Android;Mannbo22;iOS;doubleagentdogs;Android;TwelvPAK;iOS
BajeBongo;Android;romanpavlyuk;iOS;ppalinkas;Android;MikeJonesz14;Android;bearpower1990;Android;hodgelc;iOS;carstenhagedorn;Android;emeninomenina;Android;Koukas85;Android;shaynes28;iOS
nusa3004;iOS;Strongchico;Android;KBMBikes;iOS;v-12345;Android;Hujkis;Android;angelo4ek89;Android;panahss;Android;LoadexCA;iOS;Egor12344321;Android;FastSirleon;Android
sketchytech;iOS;lieutenantDanJR;iOS;guest-6gs2zcUg;iOS;Norbi0314;Android;ibzyhararwala;Android;capobuster;Android;RED-SUN41;iOS;GoMSU420;Android;kow1984;iOS;RyaRaj95;iOS
Sh4dowPT;Android;RawAnger00;iOS;Resurxtion;Android;dogtrail;Android;Youu_Wrongun;iOS;rolo15mc;iOS;jimmybones420;Android;ale007592;Android;PaulBlackStar;iOS;Misael620;Android
##
Flooded Highways;Device;The Naughty Lists;Device;Market Streets;Device;Steeple Runs;Device;Dark Sands;Device;Fest Mines;Device;Squall Slides;Device;Smelting Pots;Device;The Pendulums;Device;The Arches
roll_cyril;Android;bigB0NER;iOS;RF_Mortiferus;iOS;Efikas.t3f;Android;Martimen2-TFG;iOS;suicyco-TFG;Android;JamesBlackout;Android;LinkinJon-TFG;iOS;TrialsWave-TFG;Android;mccrackenryan;iOS
adrienaz;iOS;xitooner;iOS;motoaxe1;Android;vorchezz;Android;TM_mr.termit_GT;Android;Malr0g-TFG;Android;fulvioramos;iOS;justinman114;Android;F0RTYxSEVEN;Android;IDN-Suryajaya;iOS
SweatyPalms-TFG;Android;kyleplaysguitar;iOS;farns_needchips;iOS;moofecker;Android;Vrost_;Android;ninjacrog;Android;calinbasturea22;iOS;Sleepy_Teepy;Android;djosiahr;iOS;Szary.86;Android
VasAkos1;Android;Salapoliisi;iOS;bmbigpapa;iOS;rizeavlad;Android;JTANK0427;iOS;mikus.miesnieks;Android;vlait15;Android;BigRichReviews;Android;TheWurmyz;iOS;tombobone;Android
OrdasOri;Android;Hcmmx;Android;Bert868;Android;Dundee3OOO;Android;Ale_616_TFG;Android;Holodek;iOS;Tjerk.Drouen;Android;RusteeNutz;iOS;SprinterTavares;Android;sklepretro;Android
Butterbreadjam;Android;erichryan;Android;dARoBRr2015;iOS;MongarEric;Android;ernie_mcraken;iOS;akiranava;iOS;rafarosselfa;Android;majkl17111;Android;Milind1511;iOS;Rubic9n;iOS
elcrecido;Android;mattwarnert;iOS;torbenhansen520;iOS;Farmshow;Android;majak-02;Android;jejekawa;Android;markd2014;iOS;Viper5741_TFG;Android;tahahussain2016;Android;kvartira0512;iOS
NorbertoRus;Android;Thanatan777;Android;CLK;iOS;Velham;iOS;BLaZe3458;Android;kristaps_r;Android;Aapeli013;Android;Gexxaro;Android;vctomazi;iOS;agudo777;iOS
denis333989;Android;dwightc8787;Android;torpeda900319;Android;shanemiller7923;iOS;Austinchappell;iOS;Samuel23341;Android;basje113;iOS;OnkelVagn;iOS;KrisC1;Android;marcel_nl34;iOS
tul33;iOS;Darkovia01;Android;DBKilla21;iOS;Jamskywalker;iOS;S4n4th;Android;Seneca986;iOS;Hero1381;iOS;Whirlwind21;Android;SillverDX;Android;Speed69Freek69;Android
##
Trojan Giraffes;Device;The Shafts;Device;Vagrant Camps;Device;Lazy Catapults;Device;Frost Carnivals;Device;The Waterwheels;Device;Leaping Hollows;Device;Ice Blockades;Device;Garbage Routes;Device;Risky Rooftops
RUS-Bostan;Android;The_Kings_Lair;iOS;WastedZymbol;Android;Sandholm;Android;FR-Dodo44;iOS;dutscher-DE;Android;NSP_I_VeNoMz;Android;DonaldM-TFG;iOS;Ritch_M;iOS;d34dstr0k3;iOS
Surf-tiki_TFG;Android;Noxamus;Android;Brinik80;iOS;Dvori159;Android;fing451-_;iOS;Rosie2353;iOS;CHuRcH75;iOS;TreSover;iOS;DISTURB3D-TFG;Android;MrCleanXXIV_TFG;Android
andrewespinal7;iOS;idahoTF;Android;menso91;Android;tdm1018;Android;deloefke88;iOS;ashbyboulware;Android;prelude92;iOS;UA_FANAT_TM;Android;ziga.budja;Android;IT-L3L3B33R-TFG;Android
ehud1304;Android;GER-Miller;iOS;Kneepsteegje;iOS;HeaverBeaver115;Android;Ulqiorra-Cifer;Android;Bhgprox;Android;Ind-Rellik;iOS;DylanDeMorte;iOS;Harzer12;Android;JackDan1975;Android
goglo;Android;juliomguerreiro;Android;bradlynch549;iOS;kimtwo119;iOS;Depo-dave;iOS;PowderJess;iOS;WickedRichy;Android;M0h4mmed-1;Android;johnthompson902;iOS;phillipwinne1;iOS
UKR-Vinchenco;iOS;ctheunicorn;Android;Julian_Hermaaz;Android;TheTom14;iOS;konstantin4zi;Android;U_BOHICA;iOS;andreasdnolsoe;iOS;dee666apex;Android;FRA.B;Android;yumkaimun;Android
HmaduraD;Android;Jewboy81;iOS;TateWolfGang;iOS;StaraSzatana;Android;AlexYaremenko;Android;gregbalu;Android;catalist2016;iOS;muuted;iOS;Cristian-924;Android;Lindsay795;iOS
Fakerah;iOS;dnz15;Android;elinoxyl;iOS;rudeecho;Android;Bace250;iOS;nitin2705;Android;xXpepeguichoXx;iOS;Daaaaaante;Android;SVPDexplorer821;Android;tripdog1985;Android
Kc1266;iOS;Brycerboy12;iOS;Bergelius;Android;danitrapella;iOS;CrushGM;Android;Adventer14;iOS;Sir-uHkBu3uToP;iOS;guest-rB52uoTO;Android;Jabba2.0;iOS;renatospacheco_;Android
djfrog57;iOS;pandamanxv3;Android;SNoWNooBYT;Android;Benji5114;Android;Marth2241;iOS;TOMTOM91420;Android;x1JORDAN8x;Android;Antoine638;Android;jorgi3s;iOS;BabyGiirl_;iOS
##
The Big Swings;Device;Buzzsaw Paradise;Device;Great Walls;Device;Muddy Mounds;Device;The Tanktops;Device;Spider Kingdoms;Device;Cracked Plateaus;Device;Villainous Hideouts;Device;Open Jaw Bogs;Device;Desert Gondolas
NOBBYHOBSON;Android;slangen.nfs;iOS;Gustavo-AS;Android;Clowninaround27;iOS;Spr1te_BY;Android;MY-AKU-CENDAWAN;Android;AkEyE;Android;NOR-Nicolai-TFG;iOS;CostasV2;iOS;Klawd_;iOS
Xero44;iOS;doinkmelon;iOS;ambsan47;Android;hikasrams;Android;WonkyJon-TFG;iOS;risolutore1981;iOS;marcelloluce90;iOS;FatalDragon69;Android;billock11;Android;retrogamerjp;iOS
JPN-Yoshiki-TGG;iOS;JMCinAZ1;iOS;chrismitchebNhy;Android;pimedusessah;Android;BigLiberty;iOS;MorbidWolf666;Android;Morillias;iOS;L2CL2C;iOS;Royke1983;Android;asaichenko;Android
Watchdogs2King;iOS;demoninthesac;Android;alexmacdek;iOS;TURBOSLOAN;iOS;Bananix1975;iOS;redcow2015;Android;MonsterScreamo;Android;godlesplay;Android;Devon-UK;Android;BazZz_hc;Android
makadalu;iOS;buffonada;Android;gsc-peacemaker;Android;abhazelton;Android;nebish007;iOS;Hanks420;iOS;PL-sh4gyy-TFG;Android;Gonasvay;iOS;stachemob-TFG;iOS;Pini94;Android
sosna09876;Android;ntaylor1002;iOS;adduthie;Android;Nine1909;Android;SaRCaZTiQ;Android;Flyin-Finn;iOS;konopec;Android;xratedfraggle;Android;kingsalmon67;Android;NubNub1978;Android
vballgod;iOS;nagymisike123;Android;q234rrh6;Android;poupakisd;Android;alinuyan;Android;alponat;iOS;Shevchukovich;iOS;gtemi;iOS;raul-herrera-87;iOS;ViceMassacre;Android
Loko994;Android;Ammahoy;iOS;w00dyw;iOS;JohhnyAce;Android;PVTPOUNDER1;iOS;mr.kotol;iOS;bjgord04;Android;TheNforcer282;iOS;ConKeeper68;Android;ElGringoMatteo;Android
teleevrey96;Android;makis1983;iOS;Gigavolt_2015;Android;ILm4s;Android;pjwillard;Android;alexathena;iOS;guest-bRVt61Zb;iOS;mihsan_kama;Android;Netoelo;Android;Grayfox059;Android
flambobanana;Android;k07091962;iOS;Phodeflexian;iOS;guest-faSXUQ1c;Android;Mr_Ted12;Android;cbies4;Android;Ed854;iOS;alshayea87kw;Android;BaLaMuT-KRUA;iOS;Momoiro_Rei;Android
##
Lost Descents;Device;Pipeline Camps;Device;Snowball Rides;Device;Barren Steps;Device;Abandoned Mines;Device;Choking Hazards;Device;Coaster Canyons;Device;Devil Hoppers;Device;Cave Dwellers;Device;Dark Machines
XxvvJayvvxX;iOS;PL-k4kshi-TFG;Android;tha_hoff;iOS;AngeloKaulas21;Android;Dmac3221;iOS;YojimBob-TFG;Android;Cocheesee;iOS;azerty34000;iOS;TM_FrostDM_GT;Android;Gavroche1983;Android
kamilus26;Android;pbjunk;iOS;flooodi-TFG;Android;rmelliott81;iOS;Vinny-Zl;Android;CraZywiZom;iOS;Blaz1ngFury-TFG;iOS;IT-Karma;Android;Margonem10029;Android;CagBall;Android
JEDLNC-TFG;iOS;tema_2700;Android;ACE135-TFG;iOS;Sardius77-TFG;iOS;Xevila-TFG;Android;MrVolt1;iOS;TheNinja2016;Android;PSYCHOBABA77;iOS;mistme;iOS;Flip13;Android
irenapappova;Android;RoYaL-TFG;iOS;Tom7036;iOS;GunnarKaiken;iOS;DjZepolim;iOS;donkey-TFG;Android;Yaum77;Android;theDubstepFilth;iOS;abhinav_22;iOS;Rustyfication;Android
baloo254;Android;guiprimus;Android;Shebis_ru_TF;Android;CRU55E;Android;maxsw81;Android;AllSider;iOS;svetik015;Android;ArrayG;Android;Cidraque;Android;peppie18;Android
ivan192014;Android;CaptTurgidII;Android;CipiO;Android;ackwell...;Android;russfromkrg;Android;yobremmurd;iOS;Massimiliano660;Android;TomWheels;iOS;PHzzzz;Android;dukesith;Android
imaks3d2014;iOS;Pytzek;Android;zero_o11ze;iOS;ihalmaghi;Android;Bobajzs.cz;Android;ZekesDad40;iOS;MightyTimeCop;Android;Xtopher98;iOS;Usman471;iOS;Razkar_;iOS
josipbrozunama;Android;Raph386;Android;brettfrank;iOS;vyrgus;Android;Asrailbr;Android;knucklehead692;Android;Quasar714;Android;pdjbell;iOS;mckissicks;iOS;Arkadi00sh;iOS
ReZerVaT;Android;Stacksen;iOS;Bronc_Stomper;iOS;guest-REAajMPH;iOS;Mariano841;Android;lord6779;Android;gkthn06;Android;zen10328;iOS;shortnfat;iOS;guest-0L9JoCww;iOS
WrightSupremacy;Android;TheMastodon13;iOS;emilianomateo35;Android;realmadrid.kaka;Android;bigGUNN1286;Android;David-Jezz;Android;Bublex1;Android;GKibuga;Android;Sqnkata92;Android;Y0URDEM1ZE;Android
##
Wrecked Tracks;Device;Rock Walls;Device;The Aqueducts
cresteri;Android;donkeyfarm-TFG;Android;Brynaldo;iOS
darkbator;Android;BaDBoY53-TFG;iOS;SmileyJ-TFG;iOS
Ledmo74;iOS;luca90go;Android;j.pan;Android
sjklei2;iOS;bigOX1255;iOS;Standard8916;iOS
MystereWarrior;iOS;Galagan;iOS;T1NMAN244;iOS
steve_fox932014;iOS;npole67;iOS;Henrik4664;Android
espjosh1;Android;Open.beer.bb;Android;Laukus.;Android
Holybrake-TFG;Android;Gandohar1992;iOS;jeanska79;iOS
Sweetteddy2008;Android;yollothepiggy;Android;Semenekimov;Android
Stone_Fur5;iOS;Samantha558;iOS;Kabooomof;iOS
##